{
  "format": "onts-instance-v1",
  "jobs": 13,
  "max_cpu_time": [
    5,
    6,
    8,
    5,
    9,
    4,
    5,
    8,
    6,
    101,
    102,
    97,
    22
  ],
  "max_periodo_job": [
    18,
    15,
    27,
    32,
    31,
    9,
    11,
    15,
    25,
    154,
    32,
    63,
    131
  ],
  "max_statup": [
    103,
    36,
    49,
    64,
    83,
    54,
    115,
    111,
    134,
    34,
    25,
    19,
    34
  ],
  "min_cpu_time": [
    3,
    2,
    4,
    2,
    2,
    4,
    3,
    5,
    5,
    16,
    12,
    12,
    10
  ],
  "min_periodo_job": [
    7,
    9,
    8,
    4,
    9,
    6,
    9,
    6,
    8,
    16,
    19,
    19,
    13
  ],
  "min_statup": [
    23,
    14,
    19,
    16,
    15,
    17,
    18,
    15,
    20,
    5,
    3,
    7,
    7
  ],
  "name": "170_13",
  "normalizations": [
    "set tamanho from 170 to recurso_p length 90"
  ],
  "priority": [
    10,
    5,
    6,
    3,
    13,
    2,
    11,
    7,
    9,
    8,
    1,
    12,
    4
  ],
  "recurso_p": [
    4.272609762,
    3.974470596,
    3.606144822,
    3.173327406,
    2.68356033,
    2.720654568,
    2.932753572,
    3.195029844,
    3.777455556,
    4.354801974,
    4.9176801,
    5.4563931,
    5.961859812,
    6.425460828,
    6.839192412,
    7.195512582,
    7.4881107,
    7.711445718,
    7.861054014,
    7.933549392,
    7.926930918,
    7.840275084,
    7.674043644,
    7.429929696,
    7.110703764,
    6.720521634,
    6.909994692,
    7.21644543,
    7.467793524,
    7.67204271,
    8.068227642,
    8.394841638,
    8.648806338,
    8.827659054,
    8.930938032,
    8.958643272,
    0.0,
    0.0,
    0.0,
    0.0,
    0.0,
    0.0,
    0.0,
    0.0,
    0.0,
    0.0,
    0.0,
    0.0,
    0.0,
    0.0,
    0.0,
    0.0,
    0.0,
    0.0,
    0.0,
    0.0,
    0.0,
    0.0,
    0.0,
    0.0,
    0.0,
    0.0,
    0.0,
    0.0,
    0.0,
    0.0,
    0.0,
    0.0,
    0.0,
    0.0,
    0.0,
    0.0,
    6.76238733,
    7.128866088,
    7.455172248,
    7.733763828,
    7.957714518,
    8.12148327,
    8.337276306,
    8.63864775,
    8.866908144,
    9.019286964,
    9.094706784,
    9.093013686,
    9.015285096,
    8.863983702,
    8.642803536,
    8.356362138,
    8.01066231,
    7.612168608
  ],
  "source": "170_13.jl",
  "tamanho": 90,
  "uso_p": [
    0.45386,
    0.23693,
    0.16462,
    0.16462,
    0.45386,
    0.09231,
    0.23693,
    0.38155,
    0.45386,
    0.6,
    0.7093,
    0.6,
    0.8186
  ],
  "win_max": [
    170,
    170,
    170,
    170,
    170,
    170,
    170,
    170,
    170,
    170,
    170,
    170,
    170
  ],
  "win_min": [
    0,
    0,
    0,
    0,
    0,
    0,
    0,
    0,
    0,
    0,
    0,
    0,
    0
  ]
}
